{"0": {"0": {"poses_n": 160, "seconds": 7.173231840133667}, "1": {"poses_n": 2, "seconds": 0.06967878341674805}, "2": {"poses_n": 2, "seconds": 0.08793807029724121}, "3": {"poses_n": 2, "seconds": 0.06697916984558105}, "4": {"poses_n": 2, "seconds": 0.051793813705444336}, "5": {"poses_n": 2, "seconds": 0.03913998603820801}}, "1": {"0": {"poses_n": 160, "seconds": 7.132029056549072}, "1": {"poses_n": 2, "seconds": 0.06825494766235352}, "2": {"poses_n": 2, "seconds": 0.08844995498657227}, "3": {"poses_n": 2, "seconds": 0.06740212440490723}, "4": {"poses_n": 2, "seconds": 0.05165386199951172}, "5": {"poses_n": 2, "seconds": 0.03943181037902832}}, "2": {"0": {"poses_n": 160, "seconds": 7.145895957946777}, "1": {"poses_n": 2, "seconds": 0.06748390197753906}, "2": {"poses_n": 2, "seconds": 0.08738899230957031}, "3": {"poses_n": 2, "seconds": 0.07921504974365234}, "4": {"poses_n": 2, "seconds": 0.05796504020690918}, "5": {"poses_n": 2, "seconds": 0.03959012031555176}}, "3": {"0": {"poses_n": 160, "seconds": 6.949177026748657}, "1": {"poses_n": 2, "seconds": 0.07605290412902832}, "2": {"poses_n": 2, "seconds": 0.10452508926391602}, "3": {"poses_n": 2, "seconds": 0.09634613990783691}, "4": {"poses_n": 2, "seconds": 0.05155181884765625}, "5": {"poses_n": 2, "seconds": 0.03933215141296387}}, "4": {"0": {"poses_n": 160, "seconds": 6.914201974868774}, "1": {"poses_n": 2, "seconds": 0.06801295280456543}, "2": {"poses_n": 2, "seconds": 0.08733892440795898}, "3": {"poses_n": 2, "seconds": 0.06657695770263672}, "4": {"poses_n": 2, "seconds": 0.05097007751464844}, "5": {"poses_n": 2, "seconds": 0.03875994682312012}}}