{"0": {"0": {"poses_n": 160, "seconds": 129.89129972457886}, "1": {"poses_n": 2, "seconds": 1.9386858940124512}, "2": {"poses_n": 2, "seconds": 1.549436092376709}, "3": {"poses_n": 2, "seconds": 1.191216230392456}, "4": {"poses_n": 2, "seconds": 1.1246252059936523}, "5": {"poses_n": 2, "seconds": 1.810330867767334}, "6": {"poses_n": 2, "seconds": 1.0005640983581543}, "7": {"poses_n": 2, "seconds": 1.8027369976043701}, "8": {"poses_n": 2, "seconds": 0.994225263595581}, "9": {"poses_n": 2, "seconds": 1.179642915725708}, "10": {"poses_n": 2, "seconds": 0.9171209335327148}}, "1": {"0": {"poses_n": 160, "seconds": 129.99694800376892}, "1": {"poses_n": 2, "seconds": 1.9281463623046875}, "2": {"poses_n": 2, "seconds": 1.5751140117645264}, "3": {"poses_n": 2, "seconds": 1.2027969360351562}, "4": {"poses_n": 2, "seconds": 1.1395912170410156}, "5": {"poses_n": 2, "seconds": 1.7954320907592773}, "6": {"poses_n": 2, "seconds": 0.9992308616638184}, "7": {"poses_n": 2, "seconds": 1.8036208152770996}, "8": {"poses_n": 2, "seconds": 0.9885799884796143}, "9": {"poses_n": 2, "seconds": 1.1796128749847412}, "10": {"poses_n": 2, "seconds": 0.9242439270019531}}, "2": {"0": {"poses_n": 160, "seconds": 129.1222951412201}, "1": {"poses_n": 2, "seconds": 1.981024980545044}, "2": {"poses_n": 2, "seconds": 1.6814460754394531}, "3": {"poses_n": 2, "seconds": 1.1879758834838867}, "4": {"poses_n": 2, "seconds": 1.1191840171813965}, "5": {"poses_n": 2, "seconds": 1.7796928882598877}, "6": {"poses_n": 2, "seconds": 1.0253918170928955}, "7": {"poses_n": 2, "seconds": 1.8242359161376953}, "8": {"poses_n": 2, "seconds": 0.9251101016998291}, "9": {"poses_n": 2, "seconds": 1.1099839210510254}, "10": {"poses_n": 2, "seconds": 0.8636229038238525}}, "3": {"0": {"poses_n": 160, "seconds": 128.9759919643402}, "1": {"poses_n": 2, "seconds": 2.010806083679199}, "2": {"poses_n": 2, "seconds": 1.5521788597106934}, "3": {"poses_n": 2, "seconds": 1.192986011505127}, "4": {"poses_n": 2, "seconds": 1.1360938549041748}, "5": {"poses_n": 2, "seconds": 1.815718173980713}, "6": {"poses_n": 2, "seconds": 1.0197811126708984}, "7": {"poses_n": 2, "seconds": 1.8061540126800537}, "8": {"poses_n": 2, "seconds": 0.925184965133667}, "9": {"poses_n": 2, "seconds": 1.1964938640594482}, "10": {"poses_n": 2, "seconds": 0.9073750972747803}}, "4": {"0": {"poses_n": 160, "seconds": 129.20236110687256}, "1": {"poses_n": 2, "seconds": 1.9721570014953613}, "2": {"poses_n": 2, "seconds": 1.62441086769104}, "3": {"poses_n": 2, "seconds": 1.1775407791137695}, "4": {"poses_n": 2, "seconds": 1.1091089248657227}, "5": {"poses_n": 2, "seconds": 1.7776281833648682}, "6": {"poses_n": 2, "seconds": 1.0356409549713135}, "7": {"poses_n": 2, "seconds": 1.8258817195892334}, "8": {"poses_n": 2, "seconds": 0.927987813949585}, "9": {"poses_n": 2, "seconds": 1.107173204421997}, "10": {"poses_n": 2, "seconds": 0.8919458389282227}}}