{"0": {"0": {"poses_n": 160, "seconds": 8.008887767791748}, "1": {"poses_n": 2, "seconds": 0.0855870246887207}, "2": {"poses_n": 2, "seconds": 0.14752984046936035}, "3": {"poses_n": 2, "seconds": 0.0713348388671875}, "4": {"poses_n": 2, "seconds": 0.0905141830444336}, "5": {"poses_n": 2, "seconds": 0.044972896575927734}}, "1": {"0": {"poses_n": 160, "seconds": 8.140714168548584}, "1": {"poses_n": 2, "seconds": 0.08580398559570312}, "2": {"poses_n": 2, "seconds": 0.16763591766357422}, "3": {"poses_n": 2, "seconds": 0.08588433265686035}, "4": {"poses_n": 2, "seconds": 0.08879423141479492}, "5": {"poses_n": 2, "seconds": 0.04204201698303223}}, "2": {"0": {"poses_n": 160, "seconds": 8.084265947341919}, "1": {"poses_n": 2, "seconds": 0.08548116683959961}, "2": {"poses_n": 2, "seconds": 0.1492919921875}, "3": {"poses_n": 2, "seconds": 0.07126283645629883}, "4": {"poses_n": 2, "seconds": 0.09186601638793945}, "5": {"poses_n": 2, "seconds": 0.04299116134643555}}, "3": {"0": {"poses_n": 160, "seconds": 7.7568278312683105}, "1": {"poses_n": 2, "seconds": 0.08215498924255371}, "2": {"poses_n": 2, "seconds": 0.14237380027770996}, "3": {"poses_n": 2, "seconds": 0.06858420372009277}, "4": {"poses_n": 2, "seconds": 0.0870351791381836}, "5": {"poses_n": 2, "seconds": 0.04124093055725098}}, "4": {"0": {"poses_n": 160, "seconds": 7.837416172027588}, "1": {"poses_n": 2, "seconds": 0.08487868309020996}, "2": {"poses_n": 2, "seconds": 0.14706707000732422}, "3": {"poses_n": 2, "seconds": 0.07092499732971191}, "4": {"poses_n": 2, "seconds": 0.09121298789978027}, "5": {"poses_n": 2, "seconds": 0.043170928955078125}}}