{"0": {"0": {"poses_n": 160, "seconds": 10.330672025680542}, "1": {"poses_n": 2, "seconds": 0.09299993515014648}, "2": {"poses_n": 2, "seconds": 0.19736528396606445}, "3": {"poses_n": 2, "seconds": 0.08597302436828613}, "4": {"poses_n": 2, "seconds": 0.08934211730957031}, "5": {"poses_n": 2, "seconds": 0.05172300338745117}}, "1": {"0": {"poses_n": 160, "seconds": 10.396029949188232}, "1": {"poses_n": 2, "seconds": 0.0930931568145752}, "2": {"poses_n": 2, "seconds": 0.18976092338562012}, "3": {"poses_n": 2, "seconds": 0.08202886581420898}, "4": {"poses_n": 2, "seconds": 0.09131908416748047}, "5": {"poses_n": 2, "seconds": 0.05704808235168457}}, "2": {"0": {"poses_n": 160, "seconds": 10.422452926635742}, "1": {"poses_n": 2, "seconds": 0.09322404861450195}, "2": {"poses_n": 2, "seconds": 0.20167779922485352}, "3": {"poses_n": 2, "seconds": 0.08210873603820801}, "4": {"poses_n": 2, "seconds": 0.09304094314575195}, "5": {"poses_n": 2, "seconds": 0.0591890811920166}}, "3": {"0": {"poses_n": 160, "seconds": 9.859490156173706}, "1": {"poses_n": 2, "seconds": 0.09035706520080566}, "2": {"poses_n": 2, "seconds": 0.1840200424194336}, "3": {"poses_n": 2, "seconds": 0.0792388916015625}, "4": {"poses_n": 2, "seconds": 0.08701896667480469}, "5": {"poses_n": 2, "seconds": 0.05033707618713379}}, "4": {"0": {"poses_n": 160, "seconds": 10.324649810791016}, "1": {"poses_n": 2, "seconds": 0.09413981437683105}, "2": {"poses_n": 2, "seconds": 0.19448494911193848}, "3": {"poses_n": 2, "seconds": 0.08121109008789062}, "4": {"poses_n": 2, "seconds": 0.09653520584106445}, "5": {"poses_n": 2, "seconds": 0.05254173278808594}}}