{"0": {"0": {"poses_n": 160, "seconds": 2222.347389936447}, "1": {"poses_n": 2, "seconds": 30.084431886672974}, "2": {"poses_n": 2, "seconds": 22.07001233100891}, "3": {"poses_n": 2, "seconds": 46.1313910484314}, "4": {"poses_n": 2, "seconds": 61.734074115753174}, "5": {"poses_n": 2, "seconds": 36.893269062042236}, "6": {"poses_n": 2, "seconds": 123.48191285133362}, "7": {"poses_n": 2, "seconds": 40.17279815673828}, "8": {"poses_n": 2, "seconds": 30.01454210281372}, "9": {"poses_n": 2, "seconds": 28.365855932235718}, "10": {"poses_n": 2, "seconds": 19.757148027420044}}, "1": {"0": {"poses_n": 160, "seconds": 2214.5950350761414}, "1": {"poses_n": 2, "seconds": 29.451123237609863}, "2": {"poses_n": 2, "seconds": 22.779803037643433}, "3": {"poses_n": 2, "seconds": 46.11083388328552}, "4": {"poses_n": 2, "seconds": 61.37640929222107}, "5": {"poses_n": 2, "seconds": 36.80895805358887}, "6": {"poses_n": 2, "seconds": 122.28026103973389}, "7": {"poses_n": 2, "seconds": 40.205257177352905}, "8": {"poses_n": 2, "seconds": 30.128141164779663}, "9": {"poses_n": 2, "seconds": 27.62894916534424}, "10": {"poses_n": 2, "seconds": 20.122066974639893}}, "2": {"0": {"poses_n": 160, "seconds": 2218.49835896492}, "1": {"poses_n": 2, "seconds": 29.946774005889893}, "2": {"poses_n": 2, "seconds": 22.144893884658813}, "3": {"poses_n": 2, "seconds": 46.03906202316284}, "4": {"poses_n": 2, "seconds": 61.70841598510742}, "5": {"poses_n": 2, "seconds": 36.9333131313324}, "6": {"poses_n": 2, "seconds": 123.2846508026123}, "7": {"poses_n": 2, "seconds": 40.012309074401855}, "8": {"poses_n": 2, "seconds": 30.551441192626953}, "9": {"poses_n": 2, "seconds": 28.88206696510315}, "10": {"poses_n": 2, "seconds": 19.594871044158936}}, "3": {"0": {"poses_n": 160, "seconds": 2220.2522099018097}, "1": {"poses_n": 2, "seconds": 29.95114278793335}, "2": {"poses_n": 2, "seconds": 22.37630009651184}, "3": {"poses_n": 2, "seconds": 46.27561807632446}, "4": {"poses_n": 2, "seconds": 61.61927580833435}, "5": {"poses_n": 2, "seconds": 36.8052122592926}, "6": {"poses_n": 2, "seconds": 122.55986475944519}, "7": {"poses_n": 2, "seconds": 40.54415488243103}, "8": {"poses_n": 2, "seconds": 29.878671169281006}, "9": {"poses_n": 2, "seconds": 27.904839038848877}, "10": {"poses_n": 2, "seconds": 19.973801136016846}}, "4": {"0": {"poses_n": 160, "seconds": 2229.7589728832245}, "1": {"poses_n": 2, "seconds": 29.907481908798218}, "2": {"poses_n": 2, "seconds": 22.89826011657715}, "3": {"poses_n": 2, "seconds": 46.78970003128052}, "4": {"poses_n": 2, "seconds": 61.983235120773315}, "5": {"poses_n": 2, "seconds": 37.48895311355591}, "6": {"poses_n": 2, "seconds": 124.3041889667511}, "7": {"poses_n": 2, "seconds": 40.351463079452515}, "8": {"poses_n": 2, "seconds": 30.295647144317627}, "9": {"poses_n": 2, "seconds": 28.848470211029053}, "10": {"poses_n": 2, "seconds": 19.7833468914032}}}