{"0": {"0": {"poses_n": 160, "seconds": 25.449050903320312}, "1": {"poses_n": 2, "seconds": 0.6261329650878906}, "2": {"poses_n": 2, "seconds": 0.283872127532959}, "3": {"poses_n": 2, "seconds": 0.6442670822143555}, "4": {"poses_n": 2, "seconds": 0.2433319091796875}, "5": {"poses_n": 2, "seconds": 0.32956480979919434}, "6": {"poses_n": 2, "seconds": 0.3854842185974121}, "7": {"poses_n": 2, "seconds": 0.3197181224822998}, "8": {"poses_n": 2, "seconds": 0.3577232360839844}, "9": {"poses_n": 2, "seconds": 0.327880859375}, "10": {"poses_n": 2, "seconds": 0.44480323791503906}, "11": {"poses_n": 2, "seconds": 0.3303530216217041}, "12": {"poses_n": 2, "seconds": 0.12922406196594238}}, "1": {"0": {"poses_n": 160, "seconds": 25.034564971923828}, "1": {"poses_n": 2, "seconds": 0.6416950225830078}, "2": {"poses_n": 2, "seconds": 0.28064799308776855}, "3": {"poses_n": 2, "seconds": 0.6545741558074951}, "4": {"poses_n": 2, "seconds": 0.237565279006958}, "5": {"poses_n": 2, "seconds": 0.32491278648376465}, "6": {"poses_n": 2, "seconds": 0.3904249668121338}, "7": {"poses_n": 2, "seconds": 0.32297492027282715}, "8": {"poses_n": 2, "seconds": 0.3438680171966553}, "9": {"poses_n": 2, "seconds": 0.32442188262939453}, "10": {"poses_n": 2, "seconds": 0.494671106338501}, "11": {"poses_n": 2, "seconds": 0.3049619197845459}, "12": {"poses_n": 2, "seconds": 0.1193091869354248}}, "2": {"0": {"poses_n": 160, "seconds": 25.81953001022339}, "1": {"poses_n": 2, "seconds": 0.6742410659790039}, "2": {"poses_n": 2, "seconds": 0.27102112770080566}, "3": {"poses_n": 2, "seconds": 0.6337270736694336}, "4": {"poses_n": 2, "seconds": 0.2725203037261963}, "5": {"poses_n": 2, "seconds": 0.3231358528137207}, "6": {"poses_n": 2, "seconds": 0.3651447296142578}, "7": {"poses_n": 2, "seconds": 0.31439685821533203}, "8": {"poses_n": 2, "seconds": 0.3427920341491699}, "9": {"poses_n": 2, "seconds": 0.3093068599700928}, "10": {"poses_n": 2, "seconds": 0.44387078285217285}, "11": {"poses_n": 2, "seconds": 0.29834413528442383}, "12": {"poses_n": 2, "seconds": 0.11629271507263184}}, "3": {"0": {"poses_n": 160, "seconds": 25.19931697845459}, "1": {"poses_n": 2, "seconds": 0.6663329601287842}, "2": {"poses_n": 2, "seconds": 0.2695651054382324}, "3": {"poses_n": 2, "seconds": 0.6383399963378906}, "4": {"poses_n": 2, "seconds": 0.2605009078979492}, "5": {"poses_n": 2, "seconds": 0.3186330795288086}, "6": {"poses_n": 2, "seconds": 0.3670639991760254}, "7": {"poses_n": 2, "seconds": 0.34232091903686523}, "8": {"poses_n": 2, "seconds": 0.35781288146972656}, "9": {"poses_n": 2, "seconds": 0.3100159168243408}, "10": {"poses_n": 2, "seconds": 0.4620859622955322}, "11": {"poses_n": 2, "seconds": 0.3402140140533447}, "12": {"poses_n": 2, "seconds": 0.1181039810180664}}, "4": {"0": {"poses_n": 160, "seconds": 25.242835998535156}, "1": {"poses_n": 2, "seconds": 0.6074807643890381}, "2": {"poses_n": 2, "seconds": 0.2641322612762451}, "3": {"poses_n": 2, "seconds": 0.6124379634857178}, "4": {"poses_n": 2, "seconds": 0.24001097679138184}, "5": {"poses_n": 2, "seconds": 0.32778215408325195}, "6": {"poses_n": 2, "seconds": 0.37461090087890625}, "7": {"poses_n": 2, "seconds": 0.318878173828125}, "8": {"poses_n": 2, "seconds": 0.34826207160949707}, "9": {"poses_n": 2, "seconds": 0.3132290840148926}, "10": {"poses_n": 2, "seconds": 0.46662211418151855}, "11": {"poses_n": 2, "seconds": 0.30933094024658203}, "12": {"poses_n": 2, "seconds": 0.12121987342834473}}}