{"nn_rt": {"0": 0.006867885589599609, "1": 0.005279064178466797, "2": 0.005095958709716797, "3": 0.005297183990478516, "4": 0.005637168884277344}}